{"cameraMode":{"drawMode":0,"name":"Shaded","section":"Shading Mode"},"sceneLighting":true,"audioPlay":false,"sceneViewState":{"m_AlwaysRefresh":false,"showFog":true,"showSkybox":true,"showFlares":true,"showImageEffects":true,"showParticleSystems":true,"showVisualEffectGraphs":true,"m_FxEnabled":true},"in2DMode":false,"pivot":{"x":0.0656605139374733,"y":5.760597229003906,"z":-1.6464378833770753},"rotation":{"x":0.032984524965286258,"y":-0.023984450846910478,"z":0.0007917875773273408,"w":0.9991682767868042},"size":8.766413688659668,"orthographic":true}